"","word","suggestion"
"1","labour","labours"
"2","organisations","organisations"
"3","centres","centres"
"4","defence","defence"
"5","centre","centre"
"6","english","English"
"7","counselling","counselling"
"8","programme","programme"
"9","ces","Commonwealth Employment Service"
"10","ment",""
"11","september","September"
"12","recognises","recognises"
"13","osw","Office of the Status of Women"
"14","organisation","organisation"
"15","wellbeing","well-being"
"16","un","United Nations"
"17","tion",""
"18","ing",""
"19","wid","Women in Development"
"20","programmes","programmes"
"21","enrolments","enrolment"
"22","recognised","recognises"
"23","newstart","new start"
"24","dependants","dependants"
"25","organised","organises"
"26","ageing","ageing"
"27","css",""
"28","recognise","recognises"
"29","totalling","totalling"
"30","wife",""
"31","de",""
"32","recognising","recognising"
"33","traineeships","traineeships"
"34","olds",""
"35","amongst","amongst"
"36","csw","Commission on the Status of Women"
"37","ments",""
"38","subsidised","subsidised"
"39","traineeship","traineeships"
"40","tions",""
"41","enrolment","enrolments"
"42","finalised","finalised"
"43","allowees","allowances"
"44","eg","e.g."
"45","annum","annum"
"46","cyss","Community Youth Support Scheme"
"47","ps","PS"
"48","counsellors","counsellors"
"49","behaviour","behaviour"
"50","theatre","theatre"
"51","minimise","minimise"
"52","totalled","totalled"
"53","jobseekers","job seekers"
"54","honourable","honourable"
"55","maximise","maximise"
"56","beneficiary","beneficiary"
"57","specialised","specialised"
"58","immunisation","immunisation"
"59","focussed","focussed"
"60","ap",""
"61","targetted","targeted"
"62","taskforce","task force"
"63","facto",""
"64","ance",""
"65","ie","i.e."
"66","emphasised","emphasised"
"67","behaviours","behaviour"
"68","partici","participant"
"69","tional",""
"70","focussing","focussing"
"71","maths","maths"
"72","opment",""
"73","frontline","front-line"
"74","triennium","triennial"
"75","munity",""
"76","tive",""
"77","im",""
"78","ers",""
"79","monwealth","commonwealth"
"80","travelling","travelling"
"81","wom",""
"82","pw","PW"
"83","womens","women"
"84","dependant","dependant"
"85","sion",""
"86","jobseeker","job seeker"
"87","licence","licence"
"88","emphasises","emphasises"
"89","honours","honours"
"90","ployment","employment"
"91","organisational","organisational"
"92","emphasise","emphasise"
"93","educa","educate"
"94","tation",""
"95","edu","education"
"96","serv",""
"97","offences","offences"
"98","ment's",""
"99","commu",""
"100","overpayments","overpayment"
"101","targetting","targeting"
"102","endeavours","endeavours"
"103","pation",""
"104","partic","participant"
"105","convenor","convenor"
"106","utilised","utilised"
"107","neighbourhood","neighbourhood"
"108","mr","Mr"
"109","favour","favours"
"110","alia",""
"111","utilisation","utilisation"
"112","oppor","opportunity"
"113","nity",""
"114","ities",""
"115","fulfil","fulfil"
"116","sions",""
"117","commis","commission"
"118","nt","NT"
"119","hospitalisations","hospitalisations"
"120","analysing","analysing"
"121","behavioural","behavioural"
"122","characterised","characterised"
"123","enquiries","enquiries"
"124","modelling","modelling"
"125","computerised","computerised"
"126","favourable","favourably"
"127","ness",""
"128","informa","information"
"129","organise","organises"
"130","lor",""
"131","ol",""
"132","maximising","maximising"
"133","analyse","analyse"
"134","includ","include"
"135","rationalisation","rationalisation"
"136","utilising","utilising"
"137","gynaecological","gynaecological"
"138","ence",""
"139","ernment",""
"140","disadvan","disadvantage"
"141","mation",""
"142","pre",""
"143","travellers","travellers"
"144","colour","colour"
"145","tunities",""
"146","inal",""
"147","cies",""
"148","lems",""
"149","infor","information"
"150","roadmap","roadmap"
"151","th",""
"152","cial",""
"153","analysed","analysed"
"154","lian",""
"155","estab","establish"
"156","taged",""
"157","enrol","enrols"
"158","tranquillisers","tranquillisers"
"159","locational","vocational"
"160","equalisation","equalisation"
"161","headspace","head space"
"162","benefitted","benefited"
"163","defacto","de facto"
"164","reversionary",""
"165","gynaecology","gynaecology"
"166","subsidisation","subsidisation"
"167","coun",""
"168","appro","approximate"
"169","tives",""
"170","imple","implement"
"171","lished",""
"172","ployed",""
"173","consid","consider"
"174","al",""
"175","occupa","occupy"
"176","hospitalised","hospitalised"
"177","sented",""
"178","sep",""
"179","microeconomic","microeconomic"
"180","ub",""
"181","telecentres","teleconferences"
"182","intergenerational","intergenerational"
"183","participative","participative"
"184","centre's","centre's"
"185","organising","organising"
"186","standardised","standardised"
"187","publicise","publicise"
"188","tralia",""
"189","eco",""
"190","nomic",""
"191","priate",""
"192","licences","licences"
"193","organisa","organise"
"194","bility","ability"
"195","unem",""
"196","indus",""
"197","addi","add"
"198","sectoral",""
"199","turing",""
"200","encour",""
"","word","suggestion"
"201","vided",""
"202","tradespersons","tradespersons"
"203","beyondblue","beyond blue"
"204","feminised","feminised"
"205","ui",""
"206","childrens","children"
"207","institutionalisation","institutionalisation"
"208","realise","realises"
"209","organisers","organisers"
"210","labelling","labelling"
"211","finalising","finalising"
"212","organi","organise"
"213","sations",""
"214","offence","offence"
"215","participa","participant"
"216","realised","realises"
"217","emphasising","emphasising"
"218","councillors","councillors"
"219","ences",""
"220","subsidise","subsidise"
"221","nal",""
"222","provi","provide"
"223","ularly",""
"224","repre","represent"
"225","recog","recognise"
"226","tralian","Australian"
"227","minimising","minimising"
"228","marginalised","marginalised"
"229","ily",""
"230","victimisation","victimisation"
"231","si",""
"232","benefitting","benefitting"
"233","utilise","utilise"
"234","institutionalised","institutionalised"
"235","disaggregated","disaggregated"
"236","reorganisation","reorganisation"
"237","di",""
"238","fulfils","fulfils"
"239","tralia's","Australia's"
"240","discrimi","discriminate"
"241","publicised","publicised"
"242","iture",""
"243","adminis","administer"
"244","mittee","committee"
"245","implemen","implement"
"246","bers",""
"247","superan","superannuate"
"248","nuation","annuation"
"249","activi","activity"
"250","summarises","summarises"
"251","duced",""
"252","initia","initial"
"253","inde","index"
"254","finalisation","finalisation"
"255","fertilisation","fertilisation"
"256","allowee","allowee"
"257","multifunctional","multifunctional"
"258","watchkeeping","watchkeeping"
"259","personalised","personalised"
"260","hotline","hotline"
"261","intersectional","intersectional"
"262","publicising","publicising"
"263","au",""
"264","ce",""
"265","fulltime","full-time"
"266","ordinated",""
"267","endeavouring","endeavouring"
"268","favourably","favourably"
"269","riginal","original"
"270","nies",""
"271","penditure","expenditure"
"272","ber",""
"273","mentation",""
"274","sensitise","sensitise"
"275","respon","respond"
"276","condi",""
"277","ures",""
"278","sive",""
"279","ipation",""
"280","construc","construct"
"281","signifi","signify"
"282","mem",""
"283","produc","produce"
"284","sional",""
"285","ic","IC"
"286","ards",""
"287","discrimina","discriminate"
"288","endeavour","endeavour"
"289","instalments","instalments"
"290","sistance",""
"291","tial",""
"292","disad",""
"293","centrepiece","centrepiece"
"294","lodgement","lodgement"
"295","scrutinised","scrutinised"
"296","ann","Ann"
"297","organisation’s","organisation's"
"298","bom",""
"299","stabilise","stabilise"
"300","overaward","over award"
"301","microdata","microdata"
"302","trachoma","trachoma"
"303","cd","CD"
"304","subsidises","subsidises"
"305","neighbours","neighbours"
"306","acknowledgement","acknowledgement"
"307","realising","realising"
"308","focusses","focussed"
"309","ent",""
"310","socialisation","socialisation"
"311","ot","OT"
"312","benefici","benefici"
"313","mainte","maintain"
"314","nance",""
"315","finan","final"
"316","instrumentalities","instrumentalities"
"317","poli",""
"318","partment","apartment"
"319","recom","recommend"
"320","commer",""
"321","tunity",""
"322","cational",""
"323","disabil","disable"
"324","recommen","recommend"
"325","dations",""
"326","accom","accommodate"
"327","stu",""
"328","decentralised","decentralised"
"329","ative",""
"330","proj","project"
"331","unemploy","unemployed"
"332","eration",""
"333","recommenda","recommend"
"334","comple","complete"
"335","nises",""
"336","nomi",""
"337","ings",""
"338","ciency",""
"339","effec","effect"
"340","ci",""
"341","ity",""
"342","propor",""
"343","reorganised","reorganised"
"344","ary",""
"345","ents",""
"346","vides",""
"347","als",""
"348","trialled","trialled"
"349","interna","international"
"350","na",""
"351","velopment",""
"352","appren","apprentice"
"353","advi","advise"
"354","sory",""
"355","annuation","annuation"
"356","realisation","realisation"
"357","consulta","consult"
"358","honour","honour"
"359","counsellor","counsellor"
"360","superannua","superannuate"
"361","responsi","responsible"
"362","unrecognised","unrecognised"
"363","onwards",""
"364","stevedoring","stevedoring"
"365","prioritise","prioritise"
"366","individualised","individualised"
"367","organisation's","organisation's"
"368","overpayment","overpayment"
"369","deputising","deputising"
"370","downsizer","downsize"
"371","ppt",""
"372","outposted","out posted"
"373","tment",""
"374","costa",""
"375","inservice","in-service"
"376","enquiry","enquire"
"377","aries","arise"
"378","prioritising","prioritising"
"379","administra","administrate"
"380","accommo","accommodate"
"381","dation",""
"382","provid","provide"
"383","forthe",""
"384","represen","represent"
"385","sioner",""
"386","contri",""
"387","sible",""
"388","televi",""
"389","submis","submit"
"390","chil","child"
"391","particu","particular"
"392","larly",""
"393","modation",""
"394","munication","communication"
"395","disa",""
"396","cated",""
"397","approxi","approx"
"398","ture",""
"399","tration",""
"400","impor","import"
"","word","suggestion"
"401","appropri","appropriate"
"402","ects",""
"403","cess",""
"404","af",""
"405","centralised","centralised"
"406","dence",""
"407","ofthe","of the"
"408","ered",""
"409","strat","strategic"
"410","num",""
"411","cally",""
"412","signif","signify"
"413","ation",""
"414","agen",""
"415","combatting","combating"
"416","tinue",""
"417","bir",""
"418","nated",""
"419","ination",""
"420","isations",""
"421","manufac","manufacture"
"422","lians",""
"423","effi",""
"424","ana",""
"425","ister",""
"426","expeditioners","expeditioners"
"427","recrea","recreate"
"428","circum",""
"429","restruc","restructure"
"430","statis","status"
"431","tary",""
"432","advertis","advertise"
"433","activ","active"
"434","reduc","reduce"
"435","decentralisation","decentralisation"
"436","bilities","abilities"
"437","tage",""
"438","instalment","instalments"
"439","allo","all"
"440","indi",""
"441","mary","Mary"
"442","workforces","workforces"
"443","engi",""
"444","compre","comprehend"
"445","hensive",""
"446","se",""
"447","vantaged",""
"448","pri",""
"449","relativities","relativities"
"450","kilometres","kilometres"
"451","lifecycle","life cycle"
"452","catalogue","catalogue"
"453","commercialisation","commercialisation"
"454","telework","tele work"
"455","fulvestrant",""
"456","telehealth","telehealth"
"457","dec","Dec"
"458","rationalise","rationalises"
"459","summarised","summarised"
"460","iri",""
"461","rata",""
"462","promotive","promotive"
"463","authorised","authorises"
"464","vitro","vitro"
"465","socio","socio"
"466","oso","Overseas Student Office"
"467","ard",""
"468","le",""
"469","sizeable","sizeable"
"470","occu","occur"
"471","menced",""
"472","centred","centred"
"473","clude",""
"474","ian","Ian"
"475","intra","intro"
"476","po","PO"
"477","bution",""
"478","portant",""
"479","ther",""
"480","ip",""
"481","mately",""
"482","ogy",""
"483","expe",""
"484","communi","commune"
"485","ployer",""
"486","lt","Lt"
"487","institu","institute"
"488","deci",""
"489","objec","object"
"490","quently",""
"491","industrialised","industrialised"
"492","esti",""
"493","ically",""
"494","individ",""
"495","vention",""
"496","ticipation","anticipation"
"497","comprehen","comprehend"
"498","unsustainably","unsustainable"
"499","opportuni","opportune"
"500","busi",""
"501","inci",""
"502","tory",""
"503","respec","respect"
"504","por",""
"505","ical",""
"506","opments",""
"507","homebound","home bound"
"508","prac",""
"509","han",""
"510","dling",""
"511","paign",""
"512","espe",""
"513","cially",""
"514","oc",""
"515","ies",""
"516","prises",""
"517","neering",""
"518","ployers",""
"519","fe",""
"520","tance",""
"521","ple",""
"522","poten","potent"
"523","applica","applicant"
"524","contribu","contribute"
"525","ia's","it's"
"526","conse",""
"527","ning",""
"528","eral",""
"529","contin",""
"530","ees",""
"531","environ","environs"
"532","foetal","foetal"
"533","sioners",""
"534","mobil","Mobil"
"535","labourers","labourers"
"536","musterings","mustering"
"537","favours","favour"
"538","sys",""
"539","technol","technology"
"540","capitalise","capitalise"
"541","harbour","harbour"
"542","minimisation","minimisation"
"543","transferees","transferees"
"544","hospitalisation","hospitalisation"
"545","cadetship","cadetship"
"546","workless",""
"547","destigmatise","destigmatise"
"548","crèches","creches"
"549","criminalise","criminalise"
"550","benchmarking","benchmarking"
"551","et",""
"552","stocktake","stock take"
"553","aspx",""
"554","sterilisation","sterilisation"
"555","upskill","up skill"
"556","birthweight","birth weight"
"557","lockdowns","lockdowns"
"558","eq",""
"559","womena","women"
"560","ordinating","coordinating"
"561","calender","calendar"
"562","fo","of"
"563","ordinator","coordinator"
"564","ve",""
"565","posi",""
"566","prevocational","pre vocational"
"567","ne",""
"568","dependant's","dependant's"
"569","commi",""
"570","summarising","summarising"
"571","recordists","recordists"
"572","judgements","judgements"
"573","portunity",""
"574","ag","Ag"
"575","lyp",""
"576","jects",""
"577","tq",""
"578","neighbourhoods","neighbourhoods"
"579","commercialise","commercialise"
"580","fitout","fit out"
"581","proc",""
"582","sponsible","responsible"
"583","andr","and"
"584","rela","real"
"585","sion's",""
"586","mendations","emendations"
"587","appli",""
"588","munications","communications"
"589","acteristics","characteristics"
"590","handi",""
"591","cluding",""
"592","dren",""
"593","ular",""
"594","counsell","counsel"
"595","standardise","standardise"
"596","rehabilita","rehabilitate"
"597","collec","collect"
"598","stration",""
"599","ests",""
"600","ar",""
"","word","suggestion"
"601","rangements","arrangements"
"602","itive",""
"603","nongovernment","non government"
"604","nals",""
"605","nec",""
"606","sity",""
"607","egy",""
"608","aration",""
"609","tural","rural"
"610","disaggregation","disaggregation"
"611","inr",""
"612","longterm","long-term"
"613","circumstan","circumstance"
"614","empha",""
"615","ately",""
"616","plement","element"
"617","tp","pt"
"618","anc","an"
"619","improv","improve"
"620","istration",""
"621","ns",""
"622","trated",""
"623","ated","ate"
"624","geo",""
"625","cate","care"
"626","ries","rise"
"627","oper",""
"628","foi","foil"
"629","specialities","specialities"
"630","ultrasonics","ultrasonic"
"631","niques",""
"632","fied","died"
"633","dissem","dissemble"
"634","qf","q"
"635","bourne","Bourne"
"636","icance","anticancer"
"637","uals","duals"
"638","stabilised","stabilised"
"639","modernise","modernises"
"640","rele","reel"
"641","te",""
"642","ployees","employees"
"643","lan","LAN"
"644","guage","gauge"
"645","posals","postals"
"646","ners",""
"647","popula","popular"
"648","fam",""
"649","ss","SS"
"650","experi","expire"
"651","hous","house"
"652","specifi","specific"
"653","sportsgrounds","sports grounds"
"654","tal","al"
"655","ows","owes"
"656","ganisation","organisation"
"657","documen","document"
"658","vanced",""
"659","tively",""
"660","tories","Tories"
"661","opportun","opportune"
"662","prise",""
"663","involv","involve"
"664","rently",""
"665","neces",""
"666","pendence","dependence"
"667","acknowl","acknowledge"
"668","collab",""
"669","ernment's",""
"670","hydrographic","hydro graphic"
"671","mech",""
"672","anisms",""
"673","ern",""
"674","pected",""
"675","munities",""
"676","ticeship","spaceship"
"677","tem","met"
"678","modelled","modelled"
"679","concen","concern"
"680","nities",""
"681","specialise","specialise"
"682","deliv",""
"683","ery",""
"684","identifi","identify"
"685","ginal","final"
"686","reers",""
"687","agement","engagement"
"688","wel",""
"689","ben","Ben"
"690","ations","nations"
"691","volved","evolved"
"692","enforceability","enforceability"
"693","shiftwork","shift work"
"694","vance","Vance"
"695","revitalisation","revitalisation"
"696","categorised","categorises"
"697","increas","increase"
"698","du","Du"
"699","istrative",""
"700","sation","satin"
"701","fulfilment","fulfilment"
"702","occa",""
"703","substan",""
"704","deductibility","deductibility"
"705","compa",""
"706","withholdings","withholdings"
"707","multilat","multilateral"
"708","armoured","armoured"
"709","tice","cite"
"710","vide","vied"
"711","prin","prim"
"712","equalise","equalises"
"713","representa","represents"
"714","jeopardising","jeopardising"
"715","reorganise","reorganise"
"716","homebirths","home births"
"717","rainforests","rainforests"
"718","opportu","opportune"
"719","immigra","immigrant"
"720","unauthorised","unauthorised"
"721","residentially","residentially"
"722","casualisation","sensualisation"
"723","anthropometric","anthropometric"
"724","assessable","assessable"
"725","orthotic","ortho tic"
"726","unaffordable","unaffordable"
"727","bushwalking","bush walking"
"728","authorisation","authorisation"
"729","ttorney","attorney"
"730","unsubsidised","unsubsidised"
"731","explainers","explainer"
"732","retrenchees","retrenches"
"733","telecentre","centreline"
"734","finalise","finalise"
"735","cadetships","cadet ships"
"736","practising","practising"
"737","rollout","roll-out"
"738","nervosa","nervous"
"739","ableism","able ism"
"740","mentorship","mentor ship"
"741","homeownership","home-ownership"
"742","doi","do"
"743","marginality","marginality"
"744","arrangments","arrangements"
"745","commissionings","commissioning"
"746","fi",""
"747","eonie",""
"748","particulaily","particularly"
"749","couselling","counselling"
"750","nd","n"
"751","oversighting","oversighting"
"752","endeavoured","endeavoured"
"753","inservicing","in servicing"
"754","greate","great"
"755","mented","meted"
"756","progr",""
"757","memoire","memoir"
"758","predominently","predominantly"
"759","optometrical","optometric al"
"760","diethystilboemtrol",NA
"761","sessional","session al"
"762","stategy","strategy"
"763","modernisation","modernisation"
"764","counselled","counselled"
"765","sponsorships","sponsorships"
"766","mangement","management"
"767","ovide","vide"
"768","liberalisation","liberalisation"
"769","localised","localised"
"770","abovementioned","above mentioned"
"771","reponsible","responsible"
"772","enquiring","enquiring"
"773","jeopardised","jeopardised"
"774","thap","tap"
"775","ess","less"
"776","cheque","cheque"
"777","seums","sums"
"778","independ","independent"
"779","tember","september"
"780","velop","envelop"
"781","ined","lined"
"782","ples","plea"
"783","pur","Pur"
"784","crimination","incrimination"
"785","legisla","legislate"
"786","licencing","licensing"
"787","nications",""
"788","perspec",""
"789","keting",""
"790","firmative","affirmative"
"791","telemovie","telemeter"
"792","prograrn","program"
"793","andl","and"
"794","thè","the"
"795","ofthose","of those"
"796","df",""
"797","compet","competition"
"798","expendi","expenditure"
"799","univers","universal"
"800","competen","competence"
"","departme","department"